model,validation_mae,validation_mse,validation_rmse,validation_r2,test_mae,test_mse,test_rmse,test_r2,fit_seconds,predict_seconds,best_params
linear_regression,68.64287676455834,7723.334146917692,87.88250193819981,0.35630506812342566,68.89005345140617,7726.998364602437,87.90334672014733,0.339648394687328,0.3477825000300072,0.023457499977666885,{}
hist_gradient_boosting,68.8790302963412,7797.363899981212,88.30268342457782,0.35013511924531326,68.92822086515075,7761.023305248216,88.09667022792755,0.33674061302154723,0.6505995999905281,0.03591749997576699,"{""learning_rate"": 0.1, ""max_leaf_nodes"": 31}"
random_forest,70.29200274701758,8002.366217409393,89.45594567947619,0.33304936971780685,70.36384114500234,7937.884098531431,89.09480399288968,0.32162603640969456,1.5354020000086166,0.07431330002145842,"{""max_depth"": null, ""min_samples_leaf"": 2}"
decision_tree,70.95348852984618,8498.74290885298,92.18862678689264,0.29167926264929234,70.82952652417073,8380.871099537764,91.54709771225828,0.28376823400776163,0.7731208999757655,0.020744599984027445,"{""max_depth"": 10, ""min_samples_leaf"": 10}"
seasonal_lag_7_baseline,120.6387619047619,24092.931904761906,155.21898049131076,-1.0080055926794191,118.57622641509434,23099.080943396228,151.98381803138196,-0.9740544079957056,0.0,0.0,{}
